emotion,Video_name
sad,Video 0.mp4
fear,Video 1.mp4
neutral,Video 2.mp4
angry,Video 3.mp4
sad,Video 4.mp4
sad,Video 5.mp4
angry,Video 6.mp4
fear,Video 7.mp4
fear,Video 8.mp4
sad,Video 9.mp4
sad,Video 11.mp4
sad,Video 12.mp4
happy,Video 13.mp4
sad,Video 14.mp4
neutral,Video 15.mp4
sad,Video 16.mp4
sad,Video 17.mp4
sad,Video 18.mp4
happy,Video 19.mp4
angry,Video 20.mp4
neutral,Video 21.mp4
sad,Video 22.mp4
happy,Video 23.mp4
sad,Video 24.mp4
happy,Video 25.mp4
angry,Video 26.mp4
sad,Video 27.mp4
neutral,Video 28.mp4
sad,Video 29.mp4
sad,Video 30.mp4
neutral,Video 31.mp4
sad,Video 32.mp4
surprise,Video 33.mp4
sad,Video 34.mp4
sad,Video 35.mp4
fear,Video 36.mp4
neutral,Video 37.mp4
happy,Video 38.mp4
sad,Video 39.mp4
sad,Video 40.mp4
surprise,Video 41.mp4
neutral,Video 42.mp4
surprise,Video 43.mp4
neutral,Video 44.mp4
sad,Video 45.mp4
neutral,Video 46.mp4
neutral,Video 47.mp4
neutral,Video 48.mp4
sad,Video 49.mp4
sad,Video 50.mp4
sad,Video 51.mp4
sad,Video 52.mp4
neutral,Video 53.mp4
neutral,Video 54.mp4
neutral,Video 55.mp4
sad,Video 56.mp4
sad,Video 57.mp4
fear,Video 58.mp4
fear,Video 59.mp4
neutral,Video 60.mp4
neutral,Video 61.mp4
sad,Video 62.mp4
fear,Video 63.mp4
neutral,Video 64.mp4
neutral,Video 65.mp4
neutral,Video 66.mp4
sad,Video 67.mp4
neutral,Video 68.mp4
sad,Video 69.mp4
sad,Video 70.mp4
angry,Video 71.mp4
angry,Video 72.mp4
happy,Video 73.mp4
neutral,Video 74.mp4
neutral,Video 75.mp4
happy,Video 76.mp4
sad,Video 77.mp4
neutral,Video 78.mp4
neutral,Video 79.mp4
neutral,Video 80.mp4
neutral,Video 81.mp4
happy,Video 82.mp4
fear,Video 83.mp4
happy,Video 84.mp4
sad,Video 85.mp4
neutral,Video 86.mp4
happy,Video 87.mp4
neutral,Video 88.mp4
neutral,Video 89.mp4
neutral,Video 90.mp4
sad,Video 91.mp4
sad,Video 92.mp4
happy,Video 93.mp4
sad,Video 94.mp4
angry,Video 95.mp4
sad,Video 96.mp4
sad,Video 97.mp4
sad,Video 98.mp4
neutral,Video 99.mp4
happy,Video 100.mp4
happy,Video 101.mp4
surprise,Video 102.mp4
sad,Video 103.mp4
neutral,Video 104.mp4
happy,Video 105.mp4
